﻿<?xml version="1.0" encoding="utf-8"?>
<abapGit version="v1.0.0" serializer="LCL_OBJECT_CLAS" serializer_version="v1.0.0">
 <asx:abap xmlns:asx="http://www.sap.com/abapxml" version="1.0">
  <asx:values>
   <VSEOCLASS>
    <CLSNAME>ZVAR_TOOL</CLSNAME>
    <LANGU>1</LANGU>
    <DESCRIPT>提供各种工具的类</DESCRIPT>
    <STATE>1</STATE>
    <CLSCCINCL>X</CLSCCINCL>
    <FIXPT>X</FIXPT>
    <UNICODE>X</UNICODE>
   </VSEOCLASS>
   <DESCRIPTIONS>
    <SEOCOMPOTX>
     <CLSNAME>ZVAR_TOOL</CLSNAME>
     <CMPNAME>GET_CODE_AND_INCLUDE_OBJECT2</CMPNAME>
     <LANGU>1</LANGU>
     <DESCRIPT>取得指定对象（REPT/FUNC/FORM/METHOD/OTHERS）的代码及包含对象</DESCRIPT>
    </SEOCOMPOTX>
    <SEOCOMPOTX>
     <CLSNAME>ZVAR_TOOL</CLSNAME>
     <CMPNAME>IS_VALID_KEYWORD</CMPNAME>
     <LANGU>1</LANGU>
     <DESCRIPT>判断关键字在一行代码中是否有效</DESCRIPT>
    </SEOCOMPOTX>
    <SEOCOMPOTX>
     <CLSNAME>ZVAR_TOOL</CLSNAME>
     <CMPNAME>SPLIT_STRING_TO_TABLE</CMPNAME>
     <LANGU>1</LANGU>
     <DESCRIPT>分割字符串，并填充到内表</DESCRIPT>
    </SEOCOMPOTX>
   </DESCRIPTIONS>
  </asx:values>
 </asx:abap>
</abapGit>
